SerialNo,Season,Name,Role,Price,Team
1,2024,Avanish Rao Aravelly ,Wicket-Keeper ,2000000.0, Chennai Super Kings
2,2024,Mustafizur Rahman ,Bowler ,20000000.0, Chennai Super Kings
3,2024,Daryl Mitchell ,All-Rounder ,140000000.0, Chennai Super Kings
4,2024,Sameer Rizvi ,Batter ,84000000.0, Chennai Super Kings
5,2024,Rachin Ravindra ,All-Rounder ,18000000.0, Chennai Super Kings
6,2024,Shardul Thakur ,All-Rounder ,40000000.0, Chennai Super Kings
7,2024,Ricky Bhui ,Wicket-Keeper ,2000000.0, Delhi Capitals
8,2024,Sumit Kumar ,All-Rounder ,10000000.0, Delhi Capitals
9,2024,Swastik Chhikara ,Batter ,2000000.0, Delhi Capitals
10,2024,Jhye Richardson ,Bowler ,50000000.0, Delhi Capitals
11,2024,Shai Hope ,Wicket-Keeper ,7500000.0, Delhi Capitals
12,2024,Rasikh Dar ,Bowler ,2000000.0, Delhi Capitals
13,2024,Kumar Kushagra ,Wicket-Keeper ,72000000.0, Delhi Capitals
14,2024,Tristan Stubbs ,Wicket-Keeper ,5000000.0, Delhi Capitals
15,2024,Harry Brook ,Batter ,40000000.0, Delhi Capitals
16,2024,Kartik Tyagi ,Bowler ,6000000.0, Gujarat Titans
17,2024,Spencer Johnson ,Bowler ,100000000.0, Gujarat Titans
18,2024,Manav Suthar ,Bowler ,2000000.0, Gujarat Titans
19,2024,Robin Minz ,Wicket-Keeper ,36000000.0, Gujarat Titans
20,2024,Sushant Mishra ,Bowler ,22000000.0, Gujarat Titans
21,2024,Azmatullah Omarzai ,All-Rounder ,5000000.0, Gujarat Titans
22,2024,Shahrukh Khan ,All-Rounder ,74000000.0, Gujarat Titans
23,2024,Umesh Yadav ,Bowler ,58000000.0, Gujarat Titans
24,2024,Mujeeb Rahman ,Bowler ,20000000.0, Kolkata Knight Riders
25,2024,Manish Pandey ,Batter ,5000000.0, Kolkata Knight Riders
26,2024,Gus Atkinson ,Bowler ,10000000.0, Kolkata Knight Riders
27,2024,Angkrish Raghuvanshi ,Batter ,2000000.0, Kolkata Knight Riders
28,2024,Mitchell  Starc ,Bowler ,247500000.0, Kolkata Knight Riders
29,2024,Sherfane Rutherford ,Batter ,15000000.0, Kolkata Knight Riders
30,2024,Ramandeep  Singh ,All-Rounder ,2000000.0, Kolkata Knight Riders
31,2024,K.S. Bharat ,Wicket-Keeper ,5000000.0, Kolkata Knight Riders
32,2024,Chetan Sakariya ,Bowler ,5000000.0, Kolkata Knight Riders
33,2024,Sakib Hussain ,Bowler ,2000000.0, Kolkata Knight Riders
34,2024,Ashton Turner ,Batter ,10000000.0, Lucknow Super Giants
35,2024,David Willey  ,All-Rounder ,20000000.0, Lucknow Super Giants
36,2024,M. Siddharth ,Bowler ,24000000.0, Lucknow Super Giants
37,2024,Shivam  Mavi ,Bowler ,64000000.0, Lucknow Super Giants
38,2024,Arshin Kulkarni ,All-Rounder ,2000000.0, Lucknow Super Giants
39,2024,Mohd. Arshad Khan ,All-Rounder ,2000000.0, Lucknow Super Giants
40,2024,Dilshan Madushanka ,Bowler ,46000000.0, Mumbai Indians
41,2024,Shreyas Gopal ,Bowler ,2000000.0, Mumbai Indians
42,2024,Shivalik Sharma ,All-Rounder ,2000000.0, Mumbai Indians
43,2024,Anshul Kamboj ,All-Rounder ,2000000.0, Mumbai Indians
44,2024,Mohammad Nabi ,All-Rounder ,15000000.0, Mumbai Indians
45,2024,Naman Dhir ,All-Rounder ,2000000.0, Mumbai Indians
46,2024,Nuwan Thushara ,Bowler ,48000000.0, Mumbai Indians
47,2024,Gerald Coetzee ,All-Rounder ,50000000.0, Mumbai Indians
48,2024,Chris Woakes  ,All-Rounder ,42000000.0, Punjab Kings
49,2024,Tanay Thyagarajann ,All-Rounder ,2000000.0, Punjab Kings
50,2024,Vishwanath Pratap Singh ,All-Rounder ,2000000.0, Punjab Kings
51,2024,Ashutosh Sharma ,All-Rounder ,2000000.0, Punjab Kings
52,2024,Shashank  Singh ,Batter ,2000000.0, Punjab Kings
53,2024,Rilee Rossouw ,Batter ,80000000.0, Punjab Kings
54,2024,Prince Choudhary ,Bowler ,2000000.0, Punjab Kings
55,2024,Harshal Patel ,All-Rounder ,117500000.0, Punjab Kings
56,2024,Shubham Dubey ,Batter ,58000000.0, Rajasthan Royals
57,2024,Rovman Powell ,Batter ,74000000.0, Rajasthan Royals
58,2024,Abid Mushtaq ,All-Rounder ,2000000.0, Rajasthan Royals
59,2024,Nandre Burger ,Bowler ,5000000.0, Rajasthan Royals
60,2024,Tom Kohler-Cadmore ,Wicket-Keeper ,4000000.0, Rajasthan Royals
61,2024,Lockie Ferguson ,Bowler ,20000000.0, Royal Challengers Bengaluru
62,2024,Tom Curran ,All-Rounder ,15000000.0, Royal Challengers Bengaluru
63,2024,Saurav Chuahan ,Batter ,2000000.0, Royal Challengers Bengaluru
64,2024,Alzarri Joseph ,Bowler ,115000000.0, Royal Challengers Bengaluru
65,2024,Swapnil Singh ,All-Rounder ,2000000.0, Royal Challengers Bengaluru
66,2024,Yash  Dayal ,Bowler ,50000000.0, Royal Challengers Bengaluru
67,2024,Jhathavedh Subramanyan ,Bowler ,2000000.0, Sunrisers Hyderabad
68,2024,Akash Singh ,Bowler ,2000000.0, Sunrisers Hyderabad
69,2024,Jaydev Unadkat ,Bowler ,16000000.0, Sunrisers Hyderabad
70,2024,Wanindu Hasaranga ,All-Rounder ,15000000.0, Sunrisers Hyderabad
71,2024,Pat Cummins ,All-Rounder ,205000000.0, Sunrisers Hyderabad
72,2024,Travis Head ,Batter ,68000000.0, Sunrisers Hyderabad
73,2023,Ajinkya Rahane ,Batter ,5000000.0, Chennai Super Kings
74,2023,Bhagath Varma ,All-Rounder ,2000000.0, Chennai Super Kings
75,2023,Kyle Jamieson ,Bowler ,10000000.0, Chennai Super Kings
76,2023,Ajay Mandal ,All-Rounder ,2000000.0, Chennai Super Kings
77,2023,Nishant Sindhu ,All-Rounder ,6000000.0, Chennai Super Kings
78,2023,Shaik Rasheed ,Batter ,2000000.0, Chennai Super Kings
79,2023,Ben Stokes ,All-Rounder ,162500000.0, Chennai Super Kings
80,2023,Phil Salt ,Wicket-Keeper ,20000000.0, Delhi Capitals
81,2023,Ishant Sharma ,Bowler ,5000000.0, Delhi Capitals
82,2023,Rilee Rossouw ,Batter ,46000000.0, Delhi Capitals
83,2023,Manish Pandey ,Batter ,24000000.0, Delhi Capitals
84,2023,Mukesh Kumar ,Bowler ,55000000.0, Delhi Capitals
85,2023,Shivam Mavi ,Bowler ,60000000.0, Gujarat Titans
86,2023,K.S. Bharat ,Wicket-Keeper ,12000000.0, Gujarat Titans
87,2023,Urvil Patel ,Wicket-Keeper ,2000000.0, Gujarat Titans
88,2023,Mohit Sharma ,Bowler ,5000000.0, Gujarat Titans
89,2023,Joshua Little ,Bowler ,44000000.0, Gujarat Titans
90,2023,Kane Williamson ,Batter ,20000000.0, Gujarat Titans
91,2023,Odean Smith ,All-Rounder ,5000000.0, Gujarat Titans
92,2023,Kulwant Khejroliya ,Bowler ,2000000.0, Kolkata Knight Riders
93,2023,Shakib Al Hasan ,All-Rounder ,15000000.0, Kolkata Knight Riders
94,2023,Vaibhav Arora ,Bowler ,6000000.0, Kolkata Knight Riders
95,2023,N. Jagadeesan ,Wicket-Keeper ,9000000.0, Kolkata Knight Riders
96,2023,David Wiese ,All-Rounder ,10000000.0, Kolkata Knight Riders
97,2023,Mandeep Singh ,Batter ,5000000.0, Kolkata Knight Riders
98,2023,Litton Das ,Wicket-Keeper ,5000000.0, Kolkata Knight Riders
99,2023,Suyash Sharma ,Bowler ,2000000.0, Kolkata Knight Riders
100,2023,Amit Mishra ,Bowler ,5000000.0, Lucknow Super Giants
101,2023,Nicholas Pooran ,Wicket-Keeper ,160000000.0, Lucknow Super Giants
102,2023,Romario Shepherd ,All-Rounder ,5000000.0, Lucknow Super Giants
103,2023,Daniel Sams ,All-Rounder ,7500000.0, Lucknow Super Giants
104,2023,Swapnil Singh ,All-Rounder ,2000000.0, Lucknow Super Giants
105,2023,Yudhvir Charak ,All-Rounder ,2000000.0, Lucknow Super Giants
106,2023,Prerak Mankad ,All-Rounder ,2000000.0, Lucknow Super Giants
107,2023,Yash Thakur ,Bowler ,4500000.0, Lucknow Super Giants
108,2023,Naveen Ul Haq ,Bowler ,5000000.0, Lucknow Super Giants
109,2023,Jaydev Unadkat ,Bowler ,5000000.0, Lucknow Super Giants
110,2023,Jhye Richardson ,Bowler ,15000000.0, Mumbai Indians
111,2023,Nehal Wadhera ,All-Rounder ,2000000.0, Mumbai Indians
112,2023,Raghav Goyal ,Bowler ,2000000.0, Mumbai Indians
113,2023,Cameron Green ,All-Rounder ,175000000.0, Mumbai Indians
114,2023,Vishnu Vinod ,Wicket-Keeper ,2000000.0, Mumbai Indians
115,2023,Duan Jansen ,All-Rounder ,2000000.0, Mumbai Indians
116,2023,Piyush Chawla ,Bowler ,5000000.0, Mumbai Indians
117,2023,Shams Mulani ,All-Rounder ,2000000.0, Mumbai Indians
118,2023,Harpreet Bhatia ,Batter ,4000000.0, Punjab Kings
119,2023,Shivam Singh ,All-Rounder ,2000000.0, Punjab Kings
120,2023,Vidwath Kaverappa ,Bowler ,2000000.0, Punjab Kings
121,2023,Mohit Rathee ,All-Rounder ,2000000.0, Punjab Kings
122,2023,Sam Curran ,All-Rounder ,185000000.0, Punjab Kings
123,2023,Sikandar Raza ,All-Rounder ,5000000.0, Punjab Kings
124,2023,Jason Holder ,All-Rounder ,57500000.0, Rajasthan Royals
125,2023,Adam Zampa ,Bowler ,15000000.0, Rajasthan Royals
126,2023,Abdul P A ,All-Rounder ,2000000.0, Rajasthan Royals
127,2023,Akash Vashisht ,All-Rounder ,2000000.0, Rajasthan Royals
128,2023,Donovan Ferreira ,Wicket-Keeper ,5000000.0, Rajasthan Royals
129,2023,Kunal Rathore ,Wicket-Keeper ,2000000.0, Rajasthan Royals
130,2023,Joe Root ,Batter ,10000000.0, Rajasthan Royals
131,2023,Murugan Ashwin ,Bowler ,2000000.0, Rajasthan Royals
132,2023,K.M. Asif ,Bowler ,3000000.0, Rajasthan Royals
133,2023,Sonu Yadav ,All-Rounder ,2000000.0, Royal Challengers Bangalore
134,2023,Himanshu Sharma ,Bowler ,2000000.0, Royal Challengers Bangalore
135,2023,Avinash Singh ,Bowler ,6000000.0, Royal Challengers Bangalore
136,2023,Manoj Bhandage ,All-Rounder ,2000000.0, Royal Challengers Bangalore
137,2023,Will Jacks ,Batter ,32000000.0, Royal Challengers Bangalore
138,2023,Reece Topley ,Bowler ,19000000.0, Royal Challengers Bangalore
139,2023,Rajan Kumar ,Bowler ,7000000.0, Royal Challengers Bangalore
140,2023,Sanvir Singh ,All-Rounder ,2000000.0, Sunrisers Hyderabad
141,2023,Harry Brook ,Batter ,132500000.0, Sunrisers Hyderabad
142,2023,Heinrich Klaasen ,Wicket-Keeper ,52500000.0, Sunrisers Hyderabad
143,2023,Akeal Hosein ,Bowler ,10000000.0, Sunrisers Hyderabad
144,2023,Mayank Markande ,Bowler ,5000000.0, Sunrisers Hyderabad
145,2023,Adil Rashid ,Bowler ,20000000.0, Sunrisers Hyderabad
146,2023,Anmolpreet Singh ,Batter ,2000000.0, Sunrisers Hyderabad
147,2023,Vivrant Sharma ,All-Rounder ,26000000.0, Sunrisers Hyderabad
148,2023,Samarth Vyas ,All-Rounder ,2000000.0, Sunrisers Hyderabad
149,2023,Upendra Singh Yadav ,Wicket-Keeper ,2500000.0, Sunrisers Hyderabad
150,2023,Nitish Kumar Reddy ,Wicket-Keeper ,2000000.0, Sunrisers Hyderabad
151,2023,Mayank Agarwal ,Batter ,82500000.0, Sunrisers Hyderabad
152,2023,Mayank Dagar ,All-Rounder ,18000000.0, Sunrisers Hyderabad
153,2022,Robin Uthappa ,Batsman ,20000000.0, Chennai Super Kings
154,2022,Dwayne Bravo ,All-Rounder ,44000000.0, Chennai Super Kings
155,2022,Ambati Rayudu ,Wicket Keeper ,67500000.0, Chennai Super Kings
156,2022,Deepak Chahar ,Bowler ,140000000.0, Chennai Super Kings
157,2022,C.Hari Nishaanth ,Batsman ,2000000.0, Chennai Super Kings
158,2022,N. Jagadeesan ,Wicket Keeper ,2000000.0, Chennai Super Kings
159,2022,K.M. Asif ,Bowler ,2000000.0, Chennai Super Kings
160,2022,Tushar Deshpande ,Bowler ,2000000.0, Chennai Super Kings
161,2022,Shivam Dube ,All-Rounder ,40000000.0, Chennai Super Kings
162,2022,Chris Jordan ,All-Rounder ,36000000.0, Chennai Super Kings
163,2022,Maheesh Theekshana ,Bowler ,7000000.0, Chennai Super Kings
164,2022,Rajvardhan Hangargekar ,All-Rounder ,15000000.0, Chennai Super Kings
165,2022,Simarjeet Singh ,Bowler ,2000000.0, Chennai Super Kings
166,2022,Devon Conway ,Batsman ,10000000.0, Chennai Super Kings
167,2022,Dwaine Pretorius ,All-Rounder ,5000000.0, Chennai Super Kings
168,2022,Mitchell Santner ,All-Rounder ,19000000.0, Chennai Super Kings
169,2022,Adam Milne ,Bowler ,19000000.0, Chennai Super Kings
170,2022,Subhranshu Senapati ,Batsman ,2000000.0, Chennai Super Kings
171,2022,Mukesh Choudhary ,Bowler ,2000000.0, Chennai Super Kings
172,2022,Prashant Solanki ,Bowler ,12000000.0, Chennai Super Kings
173,2022,K.Bhagath Varma ,All-Rounder ,2000000.0, Chennai Super Kings
174,2022,David Warner ,Batsman ,62500000.0, Delhi Capitals
175,2022,Mitchell Marsh ,All-Rounder ,65000000.0, Delhi Capitals
176,2022,Mustafizur Rahman ,Bowler ,20000000.0, Delhi Capitals
177,2022,Shardul Thakur ,Bowler ,107500000.0, Delhi Capitals
178,2022,Kuldeep Yadav ,Bowler ,20000000.0, Delhi Capitals
179,2022,Ashwin Hebbar ,Batsman ,2000000.0, Delhi Capitals
180,2022,Sarfaraz Khan ,All-Rounder ,2000000.0, Delhi Capitals
181,2022,Kamlesh Nagarkoti ,All-Rounder ,11000000.0, Delhi Capitals
182,2022,K.S. Bharat ,Wicket Keeper ,20000000.0, Delhi Capitals
183,2022,Mandeep Singh ,Batsman ,11000000.0, Delhi Capitals
184,2022,Syed Khaleel Ahmed ,Bowler ,52500000.0, Delhi Capitals
185,2022,Lungisani Ngidi ,Bowler ,5000000.0, Delhi Capitals
186,2022,Chetan Sakariya ,Bowler ,42000000.0, Delhi Capitals
187,2022,Yash Dhull ,All-Rounder ,5000000.0, Delhi Capitals
188,2022,Vicky Ostwal ,All-Rounder ,2000000.0, Delhi Capitals
189,2022,Ripal Patel ,All-Rounder ,2000000.0, Delhi Capitals
190,2022,Lalit Yadav ,All-Rounder ,6500000.0, Delhi Capitals
191,2022,Rovman Powell ,Batsman ,28000000.0, Delhi Capitals
192,2022,Tim Seifert ,Wicket Keeper ,5000000.0, Delhi Capitals
193,2022,Pravin Dubey ,All-Rounder ,5000000.0, Delhi Capitals
194,2022,Mohammad Shami ,Bowler ,62500000.0, Gujarat Titans
195,2022,David Miller ,Batsman ,30000000.0, Gujarat Titans
196,2022,Jason Roy  ,Batsman ,20000000.0, Gujarat Titans
197,2022,Wriddhiman  Saha ,Wicket Keeper ,19000000.0, Gujarat Titans
198,2022,Matthew Wade ,Wicket Keeper ,24000000.0, Gujarat Titans
199,2022,Lockie Ferguson ,Bowler ,100000000.0, Gujarat Titans
200,2022,Abhinav Sadarangani ,Batsman ,26000000.0, Gujarat Titans
201,2022,Rahul Tewatia ,All-Rounder ,90000000.0, Gujarat Titans
202,2022,Noor  Ahmad ,Bowler ,3000000.0, Gujarat Titans
203,2022,R. Sai Kishore ,Bowler ,30000000.0, Gujarat Titans
204,2022,Dominic Drakes ,All-Rounder ,11000000.0, Gujarat Titans
205,2022,Vijay Shankar ,All-Rounder ,14000000.0, Gujarat Titans
206,2022,Jayant Yadav ,All-Rounder ,17000000.0, Gujarat Titans
207,2022,Darshan Nalkande ,All-Rounder ,2000000.0, Gujarat Titans
208,2022,Yash  Dayal ,Bowler ,32000000.0, Gujarat Titans
209,2022,B. Sai Sudharsan ,All-Rounder ,2000000.0, Gujarat Titans
210,2022,Gurkeerat Singh ,All-Rounder ,5000000.0, Gujarat Titans
211,2022,Alzarri Joseph ,Bowler ,24000000.0, Gujarat Titans
212,2022,Varun Aaron ,Bowler ,5000000.0, Gujarat Titans
213,2022,Pradeep Sangwan ,All-Rounder ,2000000.0, Gujarat Titans
214,2022,Pat Cummins ,All-Rounder ,72500000.0, Kolkata Knight Riders
215,2022,Shreyas Iyer ,Batsman ,122500000.0, Kolkata Knight Riders
216,2022,Mohammad  Nabi ,All-Rounder ,10000000.0, Kolkata Knight Riders
217,2022,Nitish Rana ,All-Rounder ,80000000.0, Kolkata Knight Riders
218,2022,Sam Billings  ,Wicket Keeper ,20000000.0, Kolkata Knight Riders
219,2022,Umesh Yadav ,Bowler ,20000000.0, Kolkata Knight Riders
220,2022,Shivam  Mavi ,All-Rounder ,72500000.0, Kolkata Knight Riders
221,2022,Sheldon Jackson ,Wicket Keeper ,6000000.0, Kolkata Knight Riders
222,2022,Ajinkya Rahane ,Batsman ,10000000.0, Kolkata Knight Riders
223,2022,Rinku Singh ,Batsman ,5500000.0, Kolkata Knight Riders
224,2022,Anukul Roy ,All-Rounder ,2000000.0, Kolkata Knight Riders
225,2022,Alex Hales  ,Batsman ,15000000.0, Kolkata Knight Riders
226,2022,Rasikh Dar ,Bowler ,2000000.0, Kolkata Knight Riders
227,2022,Tim Southee ,Bowler ,15000000.0, Kolkata Knight Riders
228,2022,Baba Indrajith ,Wicket Keeper ,2000000.0, Kolkata Knight Riders
229,2022,Chamika Karunaratne ,All-Rounder ,5000000.0, Kolkata Knight Riders
230,2022,Abhijeet Tomar ,Batsman ,4000000.0, Kolkata Knight Riders
231,2022,Aman Khan ,All-Rounder ,2000000.0, Kolkata Knight Riders
232,2022,Ramesh Kumar ,Batsman ,2000000.0, Kolkata Knight Riders
233,2022,Pratham Singh ,Batsman ,2000000.0, Kolkata Knight Riders
234,2022,Ashok Sharma ,Bowler ,5500000.0, Kolkata Knight Riders
235,2022,Quinton De Kock ,Wicket Keeper ,67500000.0, Lucknow Super Giants
236,2022,Manish Pandey ,Batsman ,46000000.0, Lucknow Super Giants
237,2022,Krunal Pandya ,All-Rounder ,82500000.0, Lucknow Super Giants
238,2022,Mark Wood ,Bowler ,75000000.0, Lucknow Super Giants
239,2022,Avesh Khan ,Bowler ,100000000.0, Lucknow Super Giants
240,2022,Ankit Singh Rajpoot ,Bowler ,5000000.0, Lucknow Super Giants
241,2022,K. Gowtham ,All-Rounder ,9000000.0, Lucknow Super Giants
242,2022,Dushmanta Chameera ,Bowler ,20000000.0, Lucknow Super Giants
243,2022,Shahbaz Nadeem ,Bowler ,5000000.0, Lucknow Super Giants
244,2022,Manan Vohra ,Batsman ,2000000.0, Lucknow Super Giants
245,2022,Evin Lewis ,Batsman ,20000000.0, Lucknow Super Giants
246,2022,Mohsin Khan ,Bowler ,2000000.0, Lucknow Super Giants
247,2022,Mayank Yadav ,Bowler ,2000000.0, Lucknow Super Giants
248,2022,Ayush Badoni ,All-Rounder ,2000000.0, Lucknow Super Giants
249,2022,Kyle Mayers ,All-Rounder ,5000000.0, Lucknow Super Giants
250,2022,Karan Sharma ,All-Rounder ,2000000.0, Lucknow Super Giants
251,2022,Jason Holder ,All-Rounder ,87500000.0, Lucknow Super Giants
252,2022,Deepak Hooda ,All-Rounder ,57500000.0, Lucknow Super Giants
253,2022,Ishan Kishan ,Wicket Keeper ,152500000.0, Mumbai Indians
254,2022,Dewald Brevis ,Batsman ,30000000.0, Mumbai Indians
255,2022,Anmolpreet Singh ,Batsman ,2000000.0, Mumbai Indians
256,2022,Basil Thampi ,Bowler ,3000000.0, Mumbai Indians
257,2022,Murugan Ashwin ,Bowler ,16000000.0, Mumbai Indians
258,2022,Jaydev Unadkat ,Bowler ,13000000.0, Mumbai Indians
259,2022,Mayank Markande ,Bowler ,6500000.0, Mumbai Indians
260,2022,N. Tilak Varma ,All-Rounder ,17000000.0, Mumbai Indians
261,2022,Sanjay Yadav ,All-Rounder ,5000000.0, Mumbai Indians
262,2022,Jofra Archer ,All-Rounder ,80000000.0, Mumbai Indians
263,2022,Daniel Sams ,All-Rounder ,26000000.0, Mumbai Indians
264,2022,Tymal Mills ,Bowler ,15000000.0, Mumbai Indians
265,2022,Tim David ,All-Rounder ,82500000.0, Mumbai Indians
266,2022,Ramandeep  Singh ,All-Rounder ,2000000.0, Mumbai Indians
267,2022,Aryan Juyal ,Wicket Keeper ,2000000.0, Mumbai Indians
268,2022,Fabian Allen ,All-Rounder ,7500000.0, Mumbai Indians
269,2022,Riley Meredith ,Bowler ,10000000.0, Mumbai Indians
270,2022,Rahul Buddhi ,Batsman ,2000000.0, Mumbai Indians
271,2022,Hrithik Shokeen ,All-Rounder ,2000000.0, Mumbai Indians
272,2022,Mohd. Arshad Khan ,All-Rounder ,2000000.0, Mumbai Indians
273,2022,Arjun  Tendulkar ,All-Rounder ,3000000.0, Mumbai Indians
274,2022,Shikhar Dhawan ,Batsman ,82500000.0, Punjab Kings
275,2022,Kagiso Rabada ,Bowler ,92500000.0, Punjab Kings
276,2022,Jonny Bairstow  ,Wicket Keeper ,67500000.0, Punjab Kings
277,2022,Rahul Chahar ,Bowler ,52500000.0, Punjab Kings
278,2022,Harpreet  Brar ,All-Rounder ,38000000.0, Punjab Kings
279,2022,Shahrukh Khan ,All-Rounder ,90000000.0, Punjab Kings
280,2022,Jitesh Sharma ,Wicket Keeper ,2000000.0, Punjab Kings
281,2022,Prabhsimran Singh ,Wicket Keeper ,6000000.0, Punjab Kings
282,2022,Ishan Porel ,Bowler ,2500000.0, Punjab Kings
283,2022,Liam Livingstone ,All-Rounder ,115000000.0, Punjab Kings
284,2022,Odean Smith ,All-Rounder ,60000000.0, Punjab Kings
285,2022,Sandeep Sharma ,Bowler ,5000000.0, Punjab Kings
286,2022,Raj Angad Bawa ,All-Rounder ,20000000.0, Punjab Kings
287,2022,Rishi Dhawan ,All-Rounder ,5500000.0, Punjab Kings
288,2022,Nathan Ellis ,Bowler ,7500000.0, Punjab Kings
289,2022,Prerak Mankad ,All-Rounder ,2000000.0, Punjab Kings
290,2022,Atharva Taide ,All-Rounder ,2000000.0, Punjab Kings
291,2022,Vaibhav Arora ,Bowler ,20000000.0, Punjab Kings
292,2022,Bhanuka Rajapaksa ,Batsman ,5000000.0, Punjab Kings
293,2022,Benny Howell ,All-Rounder ,4000000.0, Punjab Kings
294,2022,Writtick Chatterjee ,All-Rounder ,2000000.0, Punjab Kings
295,2022,Baltej Dhanda ,Bowler ,2000000.0, Punjab Kings
296,2022,Ansh Patel ,All-Rounder ,2000000.0, Punjab Kings
297,2022,R. Ashwin ,All-Rounder ,50000000.0, Rajasthan Royals
298,2022,Trent Boult ,Bowler ,80000000.0, Rajasthan Royals
299,2022,Shimron Hetmyer ,Batsman ,85000000.0, Rajasthan Royals
300,2022,Devdutt Padikkal ,Batsman ,77500000.0, Rajasthan Royals
301,2022,Prasidh Krishna ,Bowler ,100000000.0, Rajasthan Royals
302,2022,Yuzvendra Chahal ,Bowler ,65000000.0, Rajasthan Royals
303,2022,Riyan Parag ,All-Rounder ,38000000.0, Rajasthan Royals
304,2022,K.C Cariappa ,Bowler ,3000000.0, Rajasthan Royals
305,2022,James Neesham ,All-Rounder ,15000000.0, Rajasthan Royals
306,2022,Nathan Coulter-Nile ,Bowler ,20000000.0, Rajasthan Royals
307,2022,Navdeep Saini ,Bowler ,26000000.0, Rajasthan Royals
308,2022,Kuldeep  Sen ,Bowler ,2000000.0, Rajasthan Royals
309,2022,Karun Nair ,Batsman ,14000000.0, Rajasthan Royals
310,2022,Rassie Van Der Dussen ,Batsman ,10000000.0, Rajasthan Royals
311,2022,Daryl Mitchell ,All-Rounder ,7500000.0, Rajasthan Royals
312,2022,Obed Mccoy ,Bowler ,7500000.0, Rajasthan Royals
313,2022,Dhruv Jurel ,Wicket Keeper ,2000000.0, Rajasthan Royals
314,2022,Tejas Baroka ,Bowler ,2000000.0, Rajasthan Royals
315,2022,Kuldip Yadav ,Bowler ,2000000.0, Rajasthan Royals
316,2022,Shubham Garhwal ,All-Rounder ,2000000.0, Rajasthan Royals
317,2022,Anunay Singh ,All-Rounder ,2000000.0, Rajasthan Royals
318,2022,Faf Du Plessis ,Batsman ,70000000.0, Royal Challengers Bangalore
319,2022,Wanindu Hasaranga ,All-Rounder ,107500000.0, Royal Challengers Bangalore
320,2022,Harshal Patel ,All-Rounder ,107500000.0, Royal Challengers Bangalore
321,2022,Dinesh  Karthik ,Wicket Keeper ,55000000.0, Royal Challengers Bangalore
322,2022,Josh Hazlewood  ,Bowler ,77500000.0, Royal Challengers Bangalore
323,2022,Shahbaz Ahamad ,All-Rounder ,24000000.0, Royal Challengers Bangalore
324,2022,Anuj Rawat ,Wicket Keeper ,34000000.0, Royal Challengers Bangalore
325,2022,Akash  Deep  ,Bowler ,2000000.0, Royal Challengers Bangalore
326,2022,Karn Sharma ,Bowler ,5000000.0, Royal Challengers Bangalore
327,2022,Mahipal Lomror ,All-Rounder ,9500000.0, Royal Challengers Bangalore
328,2022,Finn Allen ,Batsman ,8000000.0, Royal Challengers Bangalore
329,2022,Sherfane Rutherford ,All-Rounder ,10000000.0, Royal Challengers Bangalore
330,2022,Jason Behrendorff ,Bowler ,7500000.0, Royal Challengers Bangalore
331,2022,Siddharth  Kaul ,Bowler ,7500000.0, Royal Challengers Bangalore
332,2022,Suyash Prabhudessai ,All-Rounder ,3000000.0, Royal Challengers Bangalore
333,2022,Luvnith Sisodia ,Wicket Keeper ,2000000.0, Royal Challengers Bangalore
334,2022,Chama Milind ,Bowler ,2500000.0, Royal Challengers Bangalore
335,2022,Aneeshwar Gautam ,All-Rounder ,2000000.0, Royal Challengers Bangalore
336,2022,David Willey  ,All-Rounder ,20000000.0, Royal Challengers Bangalore
337,2022,Washington Sundar ,All-Rounder ,87500000.0, Sunrisers Hyderabad
338,2022,Nicholas Pooran ,Wicket Keeper ,107500000.0, Sunrisers Hyderabad
339,2022,Bhuvneshwar Kumar ,Bowler ,42000000.0, Sunrisers Hyderabad
340,2022,T. Natarajan ,Bowler ,40000000.0, Sunrisers Hyderabad
341,2022,Priyam  Garg ,Batsman ,2000000.0, Sunrisers Hyderabad
342,2022,Rahul Tripathi ,Batsman ,85000000.0, Sunrisers Hyderabad
343,2022,Abhishek Sharma ,All-Rounder ,65000000.0, Sunrisers Hyderabad
344,2022,Vishnu Vinod ,Wicket Keeper ,5000000.0, Sunrisers Hyderabad
345,2022,Kartik Tyagi ,Bowler ,40000000.0, Sunrisers Hyderabad
346,2022,Shreyas Gopal ,Bowler ,7500000.0, Sunrisers Hyderabad
347,2022,Jagadeesha Suchith ,Bowler ,2000000.0, Sunrisers Hyderabad
348,2022,Aiden Markram ,Batsman ,26000000.0, Sunrisers Hyderabad
349,2022,Marco Jansen ,All-Rounder ,42000000.0, Sunrisers Hyderabad
350,2022,Romario Shepherd ,All-Rounder ,77500000.0, Sunrisers Hyderabad
351,2022,Glenn Phillips ,Wicket Keeper ,15000000.0, Sunrisers Hyderabad
352,2022,Fazalhaq Farooqi ,Bowler ,5000000.0, Sunrisers Hyderabad
353,2022,Sean Abbott ,Bowler ,24000000.0, Sunrisers Hyderabad
354,2022,R Samarth ,Batsman ,2000000.0, Sunrisers Hyderabad
355,2022,Shashank Singh ,All-Rounder ,2000000.0, Sunrisers Hyderabad
356,2022,Saurabh Dubey ,Bowler ,2000000.0, Sunrisers Hyderabad
358,2021,Steven Smith ,Batsman ,22000000.0, Delhi Capitals
359,2021,Sam Billings ,Wicket Keeper ,20000000.0, Delhi Capitals
360,2021,Umesh Yadav ,Bowler ,10000000.0, Delhi Capitals
361,2021,Ripal Patel ,All-Rounder ,2000000.0, Delhi Capitals
362,2021,Vishnu Vinod ,Wicket Keeper ,2000000.0, Delhi Capitals
363,2021,Lukman Hussain Meriwala ,Bowler ,2000000.0, Delhi Capitals
364,2021,M Siddharth ,Bowler ,2000000.0, Delhi Capitals
365,2021,Shakib Al Hasan ,All-Rounder ,32000000.0, Kolkata Knight Riders
366,2021,Harbhajan Singh ,Bowler ,20000000.0, Kolkata Knight Riders
367,2021,Ben Cutting ,All-Rounder ,7500000.0, Kolkata Knight Riders
368,2021,Karun Nair ,Batsman ,5000000.0, Kolkata Knight Riders
369,2021,Pawan Negi ,All-Rounder ,5000000.0, Kolkata Knight Riders
370,2021,Venkatesh Iyer ,All-Rounder ,2000000.0, Kolkata Knight Riders
371,2021,Sheldon Jackson ,Wicket Keeper ,2000000.0, Kolkata Knight Riders
372,2021,Vaibhav Arora ,Bowler ,2000000.0, Kolkata Knight Riders
373,2021,Nathan Coulter-Nile ,Bowler ,50000000.0, Mumbai Indians
374,2021,Adam Milne ,Bowler ,32000000.0, Mumbai Indians
375,2021,Piyush Chawla ,Bowler ,24000000.0, Mumbai Indians
376,2021,James Neesham ,All-Rounder ,5000000.0, Mumbai Indians
377,2021,Yudhvir Charak ,All-Rounder ,2000000.0, Mumbai Indians
378,2021,Marco Jansen ,All-Rounder ,2000000.0, Mumbai Indians
379,2021,Arjun Tendulkar ,All-Rounder ,2000000.0, Mumbai Indians
380,2021,Jhye Richardson ,Bowler ,140000000.0, Punjab Kings
381,2021,Riley Meredith ,Bowler ,80000000.0, Punjab Kings
382,2021,Shahrukh Khan ,All-Rounder ,52500000.0, Punjab Kings
383,2021,Moises Henriques ,All-Rounder ,42000000.0, Punjab Kings
384,2021,Dawid Malan ,All-Rounder ,15000000.0, Punjab Kings
385,2021,Fabian Allen , All-Rounder ,7500000.0, Punjab Kings
386,2021,Jalaj Saxena ,All-Rounder ,3000000.0, Punjab Kings
387,2021,Saurabh Kumar ,All-Rounder ,2000000.0, Punjab Kings
388,2021,Utkarsh Singh ,All-Rounder ,2000000.0, Punjab Kings
389,2021,Christopher Morris ,All-Rounder ,162500000.0, Rajasthan Royals
390,2021,Shivam Dube ,All-Rounder ,44000000.0, Rajasthan Royals
391,2021,Chetan Sakariya ,Bowler ,12000000.0, Rajasthan Royals
392,2021,Mustafizur Rahman ,Bowler ,10000000.0, Rajasthan Royals
393,2021,Liam Livingstone ,All-Rounder ,7500000.0, Rajasthan Royals
394,2021,K.C Cariappa ,Bowler ,2000000.0, Rajasthan Royals
395,2021,Akash Singh ,Bowler,2000000.0, Rajasthan Royals
396,2021,Kuldip Yadav , Bowler ,2000000.0, Rajasthan Royals
397,2021,Kyle Jamieson ,All-Rounder ,150000000.0, Royal Challengers Bangalore
398,2021,Glenn Maxwell ,All-Rounder ,142500000.0, Royal Challengers Bangalore
399,2021,Dan Christian ,All-Rounder ,48000000.0, Royal Challengers Bangalore
400,2021,Sachin Baby ,Batsman ,2000000.0, Royal Challengers Bangalore
401,2021,Rajat Patidar ,Batsman ,2000000.0, Royal Challengers Bangalore
402,2021,Mohammed Azharudeen ,Wicket Keeper ,2000000.0, Royal Challengers Bangalore
403,2021,Suyash Prabhudesai ,All-Rounder ,2000000.0, Royal Challengers Bangalore
404,2021,Kona Srikar Bharat , Wicket Keeper,2000000.0, Royal Challengers Bangalore
405,2021,Kedar Jadhav ,All-Rounder ,20000000.0, Sunrisers Hyderabad
406,2021,Mujeeb Zadran ,Bowler ,15000000.0, Sunrisers Hyderabad
407,2021,J Suchith ,Bowler ,3000000.0, Sunrisers Hyderabad
408,2020,Shimron Hetmyer,Batsman,77500000.0, Delhi Capitals
409,2020,Marcus Stoinis,All-Rounder,48000000.0, Delhi Capitals
410,2020,Alex Carey,Wicket Keeper,24000000.0, Delhi Capitals
411,2020,Jason Roy,Batsman,15000000.0, Delhi Capitals
412,2020,Chris Woakes,All-Rounder,15000000.0, Delhi Capitals
413,2020,Mohit Sharma,Bowler,5000000.0, Delhi Capitals
414,2020,Tushar Deshpande,Bowler,2000000.0, Delhi Capitals
415,2020,Lalit Yadav,All-Rounder,2000000.0, Delhi Capitals
416,2020,Glenn Maxwell,All-Rounder,107500000.0, Kings XI Punjab
417,2020,Sheldon Cottrell,Bowler,85000000.0, Kings XI Punjab
418,2020,Chris Jordan,All-Rounder,30000000.0, Kings XI Punjab
419,2020,Ravi Bishnoi,Bowler,20000000.0, Kings XI Punjab
420,2020,Prabhsimran Singh,Wicket Keeper,5500000.0, Kings XI Punjab
421,2020,Deepak Hooda,All-Rounder,5000000.0, Kings XI Punjab
422,2020,James Neesham,All-Rounder,5000000.0, Kings XI Punjab
423,2020,Tajinder Dhillon,All-Rounder,2000000.0, Kings XI Punjab
424,2020,Ishan Porel,Bowler,2000000.0, Kings XI Punjab
425,2020,Pat Cummins,All-Rounder,155000000.0, Kolkata Knight Riders
426,2020,Eoin Morgan,Batsman,52500000.0, Kolkata Knight Riders
427,2020,Varun Chakaravarthy,All-Rounder,40000000.0, Kolkata Knight Riders
428,2020,Tom Banton,Batsman,10000000.0, Kolkata Knight Riders
429,2020,Rahul Tripathi,Batsman,6000000.0, Kolkata Knight Riders
430,2020,Chris Green,All-Rounder,2000000.0, Kolkata Knight Riders
431,2020,Nikhil Shankar Naik,Wicket Keeper,2000000.0, Kolkata Knight Riders
432,2020,Pravin Tambe,Bowler,2000000.0, Kolkata Knight Riders
433,2020,M Siddharth,Bowler,2000000.0, Kolkata Knight Riders
434,2020,Nathan Coulter-Nile,Bowler,80000000.0, Mumbai Indians
435,2020,Chris Lynn,Batsman,20000000.0, Mumbai Indians
436,2020,Saurabh Tiwary,Batsman,5000000.0, Mumbai Indians
437,2020,Digvijay Deshmukh,All-Rounder,2000000.0, Mumbai Indians
438,2020,Prince Balwant Rai Singh,All-Rounder,2000000.0, Mumbai Indians
439,2020,Mohsin Khan,Bowler,2000000.0, Mumbai Indians
440,2020,Robin Uthappa,Batsman,30000000.0, Rajasthan Royals
441,2020,Jaydev Unadkat,Bowler,30000000.0, Rajasthan Royals
442,2020,Yashasvi Jaiswal,All-Rounder,24000000.0, Rajasthan Royals
443,2020,Kartik Tyagi,Bowler,13000000.0, Rajasthan Royals
444,2020,Tom Curran,All-Rounder,10000000.0, Rajasthan Royals
445,2020,Andrew Tye,Bowler,10000000.0, Rajasthan Royals
446,2020,Anuj Rawat,Wicket Keeper,8000000.0, Rajasthan Royals
447,2020,David Miller,Batsman,7500000.0, Rajasthan Royals
448,2020,Oshane Thomas ,Bowler,5000000.0, Rajasthan Royals
449,2020,Anirudha Ashok Joshi,All-Rounder,2000000.0, Rajasthan Royals
450,2020,Akash Singh,Bowler,2000000.0, Rajasthan Royals
451,2020,Christopher Morris,All-Rounder,100000000.0, Royal Challengers Bangalore
452,2020,Aaron Finch,Batsman,44000000.0, Royal Challengers Bangalore
453,2020,Kane Richardson,Bowler,40000000.0, Royal Challengers Bangalore
454,2020,Dale Steyn,Bowler,20000000.0, Royal Challengers Bangalore
455,2020,Isuru Udana,All-Rounder,5000000.0, Royal Challengers Bangalore
456,2020,Shahbaz Ahamad,Wicket Keeper,2000000.0, Royal Challengers Bangalore
457,2020,Joshua Philippe,Wicket Keeper,2000000.0, Royal Challengers Bangalore
458,2020,Pavan Deshpande,All-Rounder,2000000.0, Royal Challengers Bangalore
459,2020,Mitchell Marsh,All-Rounder,20000000.0, Sunrisers Hyderabad
460,2020,Priyam Garg,Batsman,19000000.0, Sunrisers Hyderabad
461,2020,Virat Singh,Batsman,19000000.0, Sunrisers Hyderabad
462,2020,Fabian Allen,All-Rounder,5000000.0, Sunrisers Hyderabad
463,2020,Sandeep Bavanaka,All-Rounder,2000000.0, Sunrisers Hyderabad
464,2020,Sanjay Yadav,All-Rounder,2000000.0, Sunrisers Hyderabad
465,2020,Abdul Samad,All-Rounder,2000000.0, Sunrisers Hyderabad
466,2019,Colin Ingram,Batsman,64000000.0, Delhi Capitals
467,2019,Axar Rajesh Patel,All-Rounder,50000000.0, Delhi Capitals
468,2019,Hanuma Vihari,Batsman,20000000.0, Delhi Capitals
469,2019,Sherfane Rutherford,All-Rounder,20000000.0, Delhi Capitals
470,2019,Ishant Sharma,Bowler,11000000.0, Delhi Capitals
471,2019,Keemo Paul,All-Rounder,5000000.0, Delhi Capitals
472,2019,Jalaj Saxena,All-Rounder,2000000.0, Delhi Capitals
473,2019,Ankush Bains,Wicket Keeper,2000000.0, Delhi Capitals
474,2019,Nathu Singh,Bowler,2000000.0, Delhi Capitals
475,2019,Bandaru Ayyappa,Bowler,2000000.0, Delhi Capitals
476,2019,Varun Chakaravarthy,All-Rounder,84000000.0,Kings XI Punjab
477,2019,Sam Curran,All-Rounder,72000000.0,Kings XI Punjab
478,2019,Mohammad Shami,Bowler,48000000.0,Kings XI Punjab
479,2019,Prabhsimran Singh,Wicket Keeper,48000000.0,Kings XI Punjab
480,2019,Nicolas Pooran,Wicket Keeper,42000000.0,Kings XI Punjab
481,2019,Moises Henriques,All-Rounder,10000000.0,Kings XI Punjab
482,2019,Hardus Viljoen,Bowler,7500000.0,Kings XI Punjab
483,2019,Darshan Nalkande,All-Rounder,3000000.0,Kings XI Punjab
484,2019,Sarfaraz Naushad Khan,All-Rounder,2500000.0,Kings XI Punjab
485,2019,Arshdeep Singh ,Bowler,2000000.0,Kings XI Punjab
486,2019,Agnivesh Ayachi,All-Rounder,2000000.0,Kings XI Punjab
487,2019,Harpreet Brar,All-Rounder,2000000.0,Kings XI Punjab
488,2019,M. Ashwin,Bowler,2000000.0,Kings XI Punjab
489,2019,Carlos Brathwaite,All-Rounder,50000000.0, Kolkata Knight Riders
490,2019,Lockie Ferguson ,Bowler,16000000.0, Kolkata Knight Riders
491,2019,Joe Denly ,Batsman,10000000.0, Kolkata Knight Riders
492,2019,Harry Gurney,Bowler,7500000.0, Kolkata Knight Riders
493,2019,Nikhil Shankar Naik,Wicket Keeper,2000000.0, Kolkata Knight Riders
494,2019,Shrikant Mundhe,All-Rounder,2000000.0, Kolkata Knight Riders
495,2019,Prithvi Raj Yarra,Bowler,2000000.0, Kolkata Knight Riders
496,2019,Anrich Nortje,Bowler,2000000.0, Kolkata Knight Riders
497,2019,Barinder Singh Sran,Bowler,34000000.0, Mumbai Indians
498,2019,Lasith Malinga,Bowler,20000000.0, Mumbai Indians
499,2019,Yuvraj Singh,All-Rounder,10000000.0, Mumbai Indians
500,2019,Anmolpreet Singh,Batsman,8000000.0, Mumbai Indians
501,2019,Pankaj Jaswal,All-Rounder,2000000.0, Mumbai Indians
502,2019,Rasikh Dar,Bowler,2000000.0, Mumbai Indians
503,2019,Jaydev Unadkat,Bowler,84000000.0, Rajasthan Royals
504,2019,Varun Aaron,Bowler,24000000.0, Rajasthan Royals
505,2019,Oshane Thomas ,Bowler,11000000.0, Rajasthan Royals
506,2019,Ashton Turner,All-Rounder,5000000.0, Rajasthan Royals
507,2019,Liam Livingstone,All-Rounder,5000000.0, Rajasthan Royals
508,2019,Shashank Singh,All-Rounder,3000000.0, Rajasthan Royals
509,2019,Riyan Parag,All-Rounder,2000000.0, Rajasthan Royals
510,2019,Manan Vohra,Batsman,2000000.0, Rajasthan Royals
511,2019,Shubham Ranjane,All-Rounder,2000000.0, Rajasthan Royals
512,2019,Shivam Dube,All-Rounder,50000000.0, Royal Challengers Bangalore
513,2019,Shimron Hetmyer,Batsman,42000000.0, Royal Challengers Bangalore
514,2019,Akshdeep Nath,All-Rounder,36000000.0, Royal Challengers Bangalore
515,2019,Prayas Ray Barman,All-Rounder,15000000.0, Royal Challengers Bangalore
516,2019,Himmat Singh,Batsman,6500000.0, Royal Challengers Bangalore
517,2019,Gurkeerat Singh Mann,All-Rounder,5000000.0, Royal Challengers Bangalore
518,2019,Heinrich Klaasen,Wicket Keeper,5000000.0, Royal Challengers Bangalore
519,2019,Devdutt Padikkal,Batsman,2000000.0, Royal Challengers Bangalore
520,2019,Milind Kumar,All-Rounder,2000000.0, Royal Challengers Bangalore
521,2019,Jonny Bairstow ,Wicket Keeper,22000000.0, Sunrisers Hyderabad
522,2019,Wriddhiman Saha,Wicket Keeper,12000000.0, Sunrisers Hyderabad
523,2019,Martin Guptill,Batsman,10000000.0, Sunrisers Hyderabad
524,2018,Glenn Maxwell,All-Rounder,90000000.0,Delhi Daredevils
525,2018,Kagiso Rabada,Bowler,42000000.0,Delhi Daredevils
526,2018,Amit Mishra,Bowler,40000000.0,Delhi Daredevils
527,2018,Shahbaz Nadeem,Bowler,32000000.0,Delhi Daredevils
528,2018,Vijay Shankar,All-Rounder,32000000.0,Delhi Daredevils
529,2018,Rahul Tewatia,All-Rounder,30000000.0,Delhi Daredevils
530,2018,Mohammad Shami,Bowler,30000000.0,Delhi Daredevils
531,2018,Gautam Gambhir,Batsman,28000000.0,Delhi Daredevils
532,2018,Trent Boult,Bowler,22000000.0,Delhi Daredevils
533,2018,Colin Munro,All-Rounder,19000000.0,Delhi Daredevils
534,2018,Daniel Christian,All-Rounder,15000000.0,Delhi Daredevils
535,2018,Jason Roy,Batsman,15000000.0,Delhi Daredevils
536,2018,Naman Ojha,Wicket Keeper,14000000.0,Delhi Daredevils
537,2018,Prithvi Shaw,Batsman,12000000.0,Delhi Daredevils
538,2018,Gurkeerat Singh Mann,All-Rounder,7500000.0,Delhi Daredevils
539,2018,Avesh Khan,Bowler,7000000.0,Delhi Daredevils
540,2018,Abhishek Sharma,All-Rounder,5500000.0,Delhi Daredevils
541,2018,Jayant Yadav,All-Rounder,5000000.0,Delhi Daredevils
542,2018,Harshal Patel,All-Rounder,2000000.0,Delhi Daredevils
543,2018,Manjot Kalra,Batsman,2000000.0,Delhi Daredevils
544,2018,Sandeep Lamichhane,Bowler,2000000.0,Delhi Daredevils
545,2018,Sayan Ghosh,Bowler,2000000.0,Delhi Daredevils
546,2018,KL Rahul,Batsman,110000000.0,Kings XI Punjab
547,2018,Ravichandran Ashwin,All-Rounder,76000000.0,Kings XI Punjab
548,2018,Andrew Tye,Bowler,72000000.0,Kings XI Punjab
549,2018,Aaron Finch,Batsman,62000000.0,Kings XI Punjab
550,2018,Marcus Stoinis,All-Rounder,62000000.0,Kings XI Punjab
551,2018,Karun Nair,Batsman,56000000.0,Kings XI Punjab
552,2018,Mujeeb Zadran,Bowler,40000000.0,Kings XI Punjab
553,2018,Ankit Singh Rajpoot,Bowler,30000000.0,Kings XI Punjab
554,2018,David Miller,Batsman,30000000.0,Kings XI Punjab
555,2018,Mohit Sharma,Bowler,24000000.0,Kings XI Punjab
556,2018,Barinder Singh Sran,Bowler,22000000.0,Kings XI Punjab
557,2018,Yuvraj Singh,All-Rounder,20000000.0,Kings XI Punjab
558,2018,Christopher Gayle,Batsman,20000000.0,Kings XI Punjab
559,2018,Ben Dwarshuis,Bowler,14000000.0,Kings XI Punjab
560,2018,Akshdeep Nath,All-Rounder,10000000.0,Kings XI Punjab
561,2018,Manoj Tiwary,Batsman,10000000.0,Kings XI Punjab
562,2018,Mayank Agarwal,Batsman,10000000.0,Kings XI Punjab
563,2018,Manzoor Dar,All-Rounder,2000000.0,Kings XI Punjab
564,2018,Pardeep Sahu,Bowler,2000000.0,Kings XI Punjab
565,2018,Mayank Dagar,All-Rounder,2000000.0,Kings XI Punjab
566,2018,Chris Lynn,Batsman,96000000.0, Kolkata Knight Riders
567,2018,Mitchell Starc,Bowler,94000000.0, Kolkata Knight Riders
568,2018,Dinesh Karthik,Wicket Keeper,74000000.0, Kolkata Knight Riders
569,2018,Robin Uthappa,Wicket Keeper,64000000.0, Kolkata Knight Riders
570,2018,Kuldeep Singh Yadav,Bowler,58000000.0, Kolkata Knight Riders
571,2018,Piyush Chawla,Bowler,42000000.0, Kolkata Knight Riders
572,2018,Nitish Rana,All-Rounder,34000000.0, Kolkata Knight Riders
573,2018,Kamlesh Nagarkoti,All-Rounder,32000000.0, Kolkata Knight Riders
574,2018,Shivam Mavi,All-Rounder,30000000.0, Kolkata Knight Riders
575,2018,Mitchell Johnson,Bowler,20000000.0, Kolkata Knight Riders
576,2018,Shubman Gill,Batsman,18000000.0, Kolkata Knight Riders
577,2018,Ranganath Vinay Kumar,Bowler,10000000.0, Kolkata Knight Riders
578,2018,Rinku Singh,Batsman,8000000.0, Kolkata Knight Riders
579,2018,Cameron Delport,All-Rounder,3000000.0, Kolkata Knight Riders
580,2018,Javon Searless,All-Rounder,3000000.0, Kolkata Knight Riders
581,2018,Apoorv Vijay Wankhade,Batsman,2000000.0, Kolkata Knight Riders
582,2018,Ishank Jaggi,Batsman,2000000.0, Kolkata Knight Riders
583,2018,Krunal Pandya,All-Rounder,88000000.0, Mumbai Indians
584,2018,Ishan Kishan,Wicket Keeper,62000000.0, Mumbai Indians
585,2018,Kieron Pollard,All-Rounder,54000000.0, Mumbai Indians
586,2018,Pat Cummins,Bowler,54000000.0, Mumbai Indians
587,2018,Evin Lewis,Batsman,38000000.0, Mumbai Indians
588,2018,Suryakumar Yadav,Batsman,32000000.0, Mumbai Indians
589,2018,Ben Cutting,All-Rounder,22000000.0, Mumbai Indians
590,2018,Mustafizur Rahman,Bowler,22000000.0, Mumbai Indians
591,2018,Rahul Chahar,Bowler,19000000.0, Mumbai Indians
592,2018,Pradeep Sangwan,Bowler,15000000.0, Mumbai Indians
593,2018,Jason Behrendorff,Bowler,15000000.0, Mumbai Indians
594,2018,Jean-Paul Duminy,All-Rounder,10000000.0, Mumbai Indians
595,2018,Saurabh Tiwary,Batsman,8000000.0, Mumbai Indians
596,2018,Tajinder Dhillon,All-Rounder,5500000.0, Mumbai Indians
597,2018,Akila Dhananjaya,Bowler,5000000.0, Mumbai Indians
598,2018,Nidheesh M D Dinesan,Bowler,2000000.0, Mumbai Indians
599,2018,Aditya Tare,Wicket Keeper,2000000.0, Mumbai Indians
600,2018,Siddhesh Dinesh Lad,Batsman,2000000.0, Mumbai Indians
601,2018,Mayank Markande,Bowler,2000000.0, Mumbai Indians
602,2018,Sharad Lumba ,Batsman,2000000.0, Mumbai Indians
603,2018,Anukul Roy,All-Rounder,2000000.0, Mumbai Indians
604,2018,Mohsin Khan,Bowler,2000000.0, Mumbai Indians
605,2018,Benjamin Stokes,All-Rounder,125000000.0, Rajasthan Royals
606,2018,Jaydev Unadkat,Bowler,115000000.0, Rajasthan Royals
607,2018,Sanju Samson,Wicket Keeper,80000000.0, Rajasthan Royals
608,2018,Jofra Archer,All-Rounder,72000000.0, Rajasthan Royals
609,2018,Krishnappa Gowtham,Bowler,62000000.0, Rajasthan Royals
610,2018,Jos Buttler,Wicket Keeper,44000000.0, Rajasthan Royals
611,2018,Ajinkya Rahane,Batsman,40000000.0, Rajasthan Royals
612,2018,Darcy Short,All-Rounder,40000000.0, Rajasthan Royals
613,2018,Rahul Tripathi,Batsman,34000000.0, Rajasthan Royals
614,2018,Dhawal Kulkarni,Bowler,7500000.0, Rajasthan Royals
615,2018,Zahir Khan Pakteen,Bowler,6000000.0, Rajasthan Royals
616,2018,Ben Laughlin,Bowler,5000000.0, Rajasthan Royals
617,2018,Stuart Binny,All-Rounder,5000000.0, Rajasthan Royals
618,2018,Dushmantha Chameera,Bowler,5000000.0, Rajasthan Royals
619,2018,Anureet Singh,Bowler,3000000.0, Rajasthan Royals
620,2018,Aryaman Vikram Birla,All-Rounder,3000000.0, Rajasthan Royals
621,2018,Midhun S,All-Rounder,2000000.0, Rajasthan Royals
622,2018,Shreyas Gopal,All-Rounder,2000000.0, Rajasthan Royals
623,2018,Prashant Chopra,Wicket Keeper,2000000.0, Rajasthan Royals
624,2018,Jatin Saxena,All-Rounder,2000000.0, Rajasthan Royals
625,2018,Ankit Sharma,All-Rounder,2000000.0, Rajasthan Royals
626,2018,Mahipal Lomror,All-Rounder,2000000.0, Rajasthan Royals
627,2018,Chris Woakes,All-Rounder,74000000.0, Royal Challengers Bangalore
628,2018,Yuzvendra Singh Chahal,Bowler,60000000.0, Royal Challengers Bangalore
629,2018,Umesh Yadav,Bowler,42000000.0, Royal Challengers Bangalore
630,2018,Brendon McCullum,Batsman,36000000.0, Royal Challengers Bangalore
631,2018,M.S. Washington Sundar,All-Rounder,32000000.0, Royal Challengers Bangalore
632,2018,Navdeep Saini,Bowler,30000000.0, Royal Challengers Bangalore
633,2018,Quinton De Kock,Wicket Keeper,28000000.0, Royal Challengers Bangalore
634,2018,Mohammed Siraj,Bowler,26000000.0, Royal Challengers Bangalore
635,2018,Nathan Coulter-Nile,Bowler,22000000.0, Royal Challengers Bangalore
636,2018,Colin De Grandhomme,All-Rounder,22000000.0, Royal Challengers Bangalore
637,2018,M. Ashwin,Bowler,22000000.0, Royal Challengers Bangalore
638,2018,Parthiv Patel,Wicket Keeper,17000000.0, Royal Challengers Bangalore
639,2018,Moeen Ali,All-Rounder,17000000.0, Royal Challengers Bangalore
640,2018,Mandeep Singh,All-Rounder,14000000.0, Royal Challengers Bangalore
641,2018,Manan Vohra,Batsman,11000000.0, Royal Challengers Bangalore
642,2018,Pawan Negi,All-Rounder,10000000.0, Royal Challengers Bangalore
643,2018,Tim Southee,Bowler,10000000.0, Royal Challengers Bangalore
644,2018,Kulwant Khejroliya,Bowler,8500000.0, Royal Challengers Bangalore
645,2018,Aniket Choudhary,Bowler,3000000.0, Royal Challengers Bangalore
646,2018,Pavan Deshpande,All-Rounder,2000000.0, Royal Challengers Bangalore
647,2018,Anirudha Ashok Joshi,All-Rounder,2000000.0, Royal Challengers Bangalore
648,2018,Manish Pandey,Batsman,110000000.0, Sunrisers Hyderabad
649,2018,Rashid Khan Arman,Bowler,90000000.0, Sunrisers Hyderabad
650,2018,Shikhar Dhawan,Batsman,52000000.0, Sunrisers Hyderabad
651,2018,Wriddhiman Saha,Wicket Keeper,50000000.0, Sunrisers Hyderabad
652,2018,Siddarth Kaul,Bowler,38000000.0, Sunrisers Hyderabad
653,2018,Deepak Hooda,All-Rounder,36000000.0, Sunrisers Hyderabad
654,2018,Syed Khaleel Ahmed,Bowler,30000000.0, Sunrisers Hyderabad
655,2018,Sandeep Sharma,Bowler,30000000.0, Sunrisers Hyderabad
656,2018,Kane Williamson,Batsman,30000000.0, Sunrisers Hyderabad
657,2018,Carlos Brathwaite,All-Rounder,20000000.0, Sunrisers Hyderabad
658,2018,Shakib Al Hasan,All-Rounder,20000000.0, Sunrisers Hyderabad
659,2018,Yusuf Pathan,All-Rounder,19000000.0, Sunrisers Hyderabad
660,2018,Shreevats Goswami,Wicket Keeper,10000000.0, Sunrisers Hyderabad
661,2018,Mohammad Nabi,All-Rounder,10000000.0, Sunrisers Hyderabad
662,2018,Chris Jordan,All-Rounder,10000000.0, Sunrisers Hyderabad
663,2018,Basil Thampi,Bowler,9500000.0, Sunrisers Hyderabad
664,2018,Billy Stanlake,Batsman,5000000.0, Sunrisers Hyderabad
665,2018,T Natarajan,Bowler,4000000.0, Sunrisers Hyderabad
666,2018,Sachin Baby,Batsman,2000000.0, Sunrisers Hyderabad
667,2018,Bipul Sharma,All-Rounder,2000000.0, Sunrisers Hyderabad
668,2018,Syed Mehdi Hasan,All-Rounder,2000000.0, Sunrisers Hyderabad
669,2018,Ricky Bhui,Batsman,2000000.0, Sunrisers Hyderabad
670,2018,Tanmay Agarwal,Batsman,2000000.0, Sunrisers Hyderabad
671,2017,Jason Roy,Batsman,10000000.0,Gujarat Lions
672,2017,Basil Thampi,Bowler,8500000.0,Gujarat Lions
673,2017,Manpreet Gony,Bowler,6000000.0,Gujarat Lions
674,2017,Nathu Singh,Bowler,5000000.0,Gujarat Lions
675,2017,Munaf Patel,Bowler,3000000.0,Gujarat Lions
676,2017,Akshdeep Nath,All-Rounder,1000000.0,Gujarat Lions
677,2017,Shubam Agrawal,All-Rounder,1000000.0,Gujarat Lions
678,2017,Tejas Singh Baroka,Bowler,1000000.0,Gujarat Lions
679,2017,Chirag Suri,Batsman,1000000.0,Gujarat Lions
680,2017,Pratham Singh,All-Rounder,1000000.0,Gujarat Lions
681,2017,Shelley Shaurya,Bowler,1000000.0,Gujarat Lions
682,2017,T Natarajan,Bowler,30000000.0,Kings XI Punjab
683,2017,Varun Aaron,Bowler,28000000.0,Kings XI Punjab
684,2017,Eoin Morgan,Batsman,20000000.0,Kings XI Punjab
685,2017,Matt Henry,Bowler,5000000.0,Kings XI Punjab
686,2017,Martin Guptill,Batsman,5000000.0,Kings XI Punjab
687,2017,Darren Sammy,All-Rounder,3000000.0,Kings XI Punjab
688,2017,Rahul Tewatia,All-Rounder,2500000.0,Kings XI Punjab
689,2017,Rinku Singh,Batsman,1000000.0,Kings XI Punjab
690,2017,Trent Boult,Bowler,50000000.0,Kolkata Knight Riders
691,2017,Chris Woakes,All-Rounder,42000000.0,Kolkata Knight Riders
692,2017,Nathan Coulter-Nile,Bowler,35000000.0,Kolkata Knight Riders
693,2017,Rishi Dhawan,All-Rounder,5500000.0,Kolkata Knight Riders
694,2017,Darren Bravo,Batsman,5000000.0,Kolkata Knight Riders
695,2017,Rovman Powell,All-Rounder,3000000.0,Kolkata Knight Riders
696,2017,Sayan Ghosh,Bowler,1000000.0,Kolkata Knight Riders
697,2017,R. Sanjay Yadav,All-Rounder,1000000.0,Kolkata Knight Riders
698,2017,Ishank Jaggi,Batsman,1000000.0,Kolkata Knight Riders
699,2017,Karn Sharma,All-Rounder,32000000.0,Mumbai Indians
700,2017,Krishnappa Gowtham,All-Rounder,20000000.0,Mumbai Indians
701,2017,Mitchell Johnson,Bowler,20000000.0,Mumbai Indians
702,2017,Asela Gunarathna,Batsman,3000000.0,Mumbai Indians
703,2017,Saurabh Tiwary,Batsman,3000000.0,Mumbai Indians
704,2017,Nicolas Pooran,Wicket Keeper,3000000.0,Mumbai Indians
705,2017,Kulwant Khejroliya,Bowler,1000000.0,Mumbai Indians
706,2017,Benjamin Stokes,All-Rounder,145000000.0,Rising Pune Supergiant
707,2017,Daniel Christian,All-Rounder,10000000.0,Rising Pune Supergiant
708,2017,Manoj Tiwary,Batsman,5000000.0,Rising Pune Supergiant
709,2017,Lockie Ferguson ,Bowler,5000000.0,Rising Pune Supergiant
710,2017,Jaydev Unadkat,Bowler,3000000.0,Rising Pune Supergiant
711,2017,Rahul Chahar,Bowler,1000000.0,Rising Pune Supergiant
712,2017,Saurabh Kumar,Bowler,1000000.0,Rising Pune Supergiant
713,2017,Milind Tandon,All-Rounder,1000000.0,Rising Pune Supergiant
714,2017,Rahul Ajay Tripathi,All-Rounder,1000000.0,Rising Pune Supergiant
715,2017,Tymal Mills,Bowler,120000000.0, Royal Challengers Bangalore
716,2017,Aniket Choudhary,Bowler,20000000.0, Royal Challengers Bangalore
717,2017,Pawan Negi,All-Rounder,10000000.0, Royal Challengers Bangalore
718,2017,Billy Stanlake,Bowler,3000000.0, Royal Challengers Bangalore
719,2017,Praveen Dubey,All-Rounder,1000000.0, Royal Challengers Bangalore
720,2017,Rashid Khan Arman,Bowler,40000000.0, Sunrisers Hyderabad
721,2017,Mohammed Siraj,Bowler,26000000.0, Sunrisers Hyderabad
722,2017,Eklavya Dwivedi,Wicket Keeper,7500000.0, Sunrisers Hyderabad
723,2017,Chris Jordan,All-Rounder,5000000.0, Sunrisers Hyderabad
724,2017,Mohammad Nabi,All-Rounder,3000000.0, Sunrisers Hyderabad
725,2017,Ben Laughlin,Bowler,3000000.0, Sunrisers Hyderabad
726,2017,Pravin Tambe,Bowler,1000000.0, Sunrisers Hyderabad
727,2017,Tanmay Agarwal,Batsman,1000000.0, Sunrisers Hyderabad
728,2016,Praveen Kumar,Bowler,35000000.0,Gujarat Lions
729,2016,Dale Steyn,Bowler,23000000.0,Gujarat Lions
730,2016,Dinesh Karthik,Wicket Keeper,23000000.0,Gujarat Lions
731,2016,Dwayne Smith,All-Rounder,23000000.0,Gujarat Lions
732,2016,Dhawal Kulkarni,Bowler,20000000.0,Gujarat Lions
733,2016,Aaron Finch,Batsman,10000000.0,Gujarat Lions
734,2016,Eklavya Dwivedi,Wicket Keeper,10000000.0,Gujarat Lions
735,2016,Andrew Tye,All-Rounder,5000000.0,Gujarat Lions
736,2016,Ishan Kishan,Wicket Keeper,3500000.0,Gujarat Lions
737,2016,Jaydev Shah,All-Rounder,2000000.0,Gujarat Lions
738,2016,Shadab Jakati,All-Rounder,2000000.0,Gujarat Lions
739,2016,Pravin Tambe,Bowler,2000000.0,Gujarat Lions
740,2016,Pradeep Sangwan,All-Rounder,2000000.0,Gujarat Lions
741,2016,Amit Mishra,Bowler,1000000.0,Gujarat Lions
742,2016,Shivil Kaushik,Bowler,1000000.0,Gujarat Lions
743,2016,Akshdeep Nath,All-Rounder,1000000.0,Gujarat Lions
744,2016,Sarabjit Ladda,Bowler,1000000.0,Gujarat Lions
745,2016,Umang Sharma,Batsman,1000000.0,Gujarat Lions
746,2016,Paras Dogra,Batsman,1000000.0,Gujarat Lions
747,2016,Mohit Sharma,Bowler,65000000.0,Kings XI Punjab
748,2016,Kyle Abbott,Bowler,21000000.0,Kings XI Punjab
749,2016,K.C. Cariappa,Bowler,8000000.0,Kings XI Punjab
750,2016,Marcus Stoinis,All-Rounder,5500000.0,Kings XI Punjab
751,2016,Farhaan Behardien,All-Rounder,3000000.0,Kings XI Punjab
752,2016,Pardeep Sahu,All-Rounder,1000000.0,Kings XI Punjab
753,2016,Armaan Jaffer,Batsman,1000000.0,Kings XI Punjab
754,2016,Swapnil Singh,All-Rounder,1000000.0,Kings XI Punjab
755,2016,Jaydev Unadkat,Bowler,16000000.0,Kolkata Knight Riders
756,2016,Ankit Singh Rajpoot,Bowler,15000000.0,Kolkata Knight Riders
757,2016,John Hastings,Bowler,13000000.0,Kolkata Knight Riders
758,2016,Jason Holder,All-Rounder,7000000.0,Kolkata Knight Riders
759,2016,Colin Munro,All-Rounder,3000000.0,Kolkata Knight Riders
760,2016,Rajagopal Sathish,All-Rounder,2000000.0,Kolkata Knight Riders
761,2016,Manan Ajay Sharma,All-Rounder,1000000.0,Kolkata Knight Riders
762,2016,Jos Buttler,Wicket Keeper,38000000.0,Mumbai Indians
763,2016,Nathu Singh,Bowler,32000000.0,Mumbai Indians
764,2016,Tim Southee,Bowler,25000000.0,Mumbai Indians
765,2016,Krunal Pandya,All-Rounder,20000000.0,Mumbai Indians
766,2016,Kishore Pramod Kamath,All-Rounder,14000000.0,Mumbai Indians
767,2016,Deepak Punia,All-Rounder,1000000.0,Mumbai Indians
768,2016,Jitesh Sharma,Wicket Keeper,1000000.0,Mumbai Indians
769,2016,Mitchell Marsh,All-Rounder,48000000.0,Rising Pune Supergiant
770,2016,M. Ashwin,Bowler,45000000.0,Rising Pune Supergiant
771,2016,Ishant Sharma,Bowler,38000000.0,Rising Pune Supergiant
772,2016,Kevin Pietersen,Batsman,35000000.0,Rising Pune Supergiant
773,2016,Irfan Pathan,All-Rounder,10000000.0,Rising Pune Supergiant
774,2016,Thisara Perera,All-Rounder,10000000.0,Rising Pune Supergiant
775,2016,Rajat Bhatia,All-Rounder,6000000.0,Rising Pune Supergiant
776,2016,Ashok Dinda,Bowler,5000000.0,Rising Pune Supergiant
777,2016,Scott Boland,Bowler,5000000.0,Rising Pune Supergiant
778,2016,Peter Handscomb,Wicket Keeper,3000000.0,Rising Pune Supergiant
779,2016,Rudra Pratap Singh,Bowler,3000000.0,Rising Pune Supergiant
780,2016,Adam Zampa,Bowler,3000000.0,Rising Pune Supergiant
781,2016,Ishwar Chandra Pandey,Bowler,2000000.0,Rising Pune Supergiant
782,2016,Deepak Chahar,All-Rounder,1000000.0,Rising Pune Supergiant
783,2016,Jaskaran Singh,Bowler,1000000.0,Rising Pune Supergiant
784,2016,Baba Aparajith,All-Rounder,1000000.0,Rising Pune Supergiant
785,2016,Ankush Bains,Wicket Keeper,1000000.0,Rising Pune Supergiant
786,2016,Ankit Sharma,All-Rounder,1000000.0,Rising Pune Supergiant
787,2016,Shane Watson,All-Rounder,95000000.0, Royal Challengers Bangalore
788,2016,Stuart Binny,All-Rounder,20000000.0, Royal Challengers Bangalore
789,2016,Kane Richardson,Bowler,20000000.0, Royal Challengers Bangalore
790,2016,Samuel Badree,Bowler,5000000.0, Royal Challengers Bangalore
791,2016,Travis Head,Batsman,5000000.0, Royal Challengers Bangalore
792,2016,Praveen Dubey,All-Rounder,3500000.0, Royal Challengers Bangalore
793,2016,Vikramjeet Malik,Bowler,2000000.0, Royal Challengers Bangalore
794,2016,Akshay Karnewar,All-Rounder,1000000.0, Royal Challengers Bangalore
795,2016,Iqbal Abdullah,All-Rounder,1000000.0, Royal Challengers Bangalore
796,2016,Sachin Baby,Batsman,1000000.0, Royal Challengers Bangalore
797,2016,Vikas Tokas,Bowler,1000000.0, Royal Challengers Bangalore
798,2016,Yuvraj Singh,All-Rounder,70000000.0, Sunrisers Hyderabad
799,2016,Ashish Nehra,Bowler,55000000.0, Sunrisers Hyderabad
800,2016,Deepak Hooda,All-Rounder,42000000.0, Sunrisers Hyderabad
801,2016,Mustafizur Rahman,Bowler,14000000.0, Sunrisers Hyderabad
802,2016,Aditya Tare,Wicket Keeper,12000000.0, Sunrisers Hyderabad
803,2016,Barinder Singh Sran,Bowler,12000000.0, Sunrisers Hyderabad
804,2016,Ben Cutting,All-Rounder,5000000.0, Sunrisers Hyderabad
805,2016,Vijay Shankar,All-Rounder,3500000.0, Sunrisers Hyderabad
806,2016,Abhimanyu Mithun,Bowler,3000000.0, Sunrisers Hyderabad
807,2016,Tirumalasetti Suman,Batsman,1000000.0, Sunrisers Hyderabad
808,2015,Yuvraj Singh,Batsman,160000000.0,Delhi Daredevils
809,2015,Angelo Mathews,All-Rounder,75000000.0,Delhi Daredevils
810,2015,Zaheer Khan,Bowler,40000000.0,Delhi Daredevils
811,2015,Amit Mishra,Bowler,35000000.0,Delhi Daredevils
812,2015,Shreyas Iyer,Batsman,26000000.0,Delhi Daredevils
813,2015,Gurinder Sandhu,Bowler,17000000.0,Delhi Daredevils
814,2015,Jaydev Unadkat,Bowler,11000000.0,Delhi Daredevils
815,2015,Domnic Joseph Muthuswamy,Bowler,7500000.0,Delhi Daredevils
816,2015,Albie Morkel,All-Rounder,3000000.0,Delhi Daredevils
817,2015,Travis Head,Batsman,3000000.0,Delhi Daredevils
818,2015,Marcus Stoinis,All-Rounder,2500000.0,Delhi Daredevils
819,2015,C.M. Gautam,Wicket Keeper,2000000.0,Delhi Daredevils
820,2015,Kona Srikar Bharat,Wicket Keeper,1000000.0,Delhi Daredevils
821,2015,K.K. Jiyaz,Bowler,1000000.0,Delhi Daredevils
822,2015,Murali Vijay,Batsman,30000000.0,Kings XI Punjab
823,2015,Nikhil Shankar Naik,Wicket Keeper,3000000.0,Kings XI Punjab
824,2015,Yogesh Gowalkar,All-Rounder,1000000.0,Kings XI Punjab
825,2015,K.C. Cariappa,Bowler,24000000.0,Kolkata Knight Riders
826,2015,James Neesham,All-Rounder,5000000.0,Kolkata Knight Riders
827,2015,Brad Hogg,Bowler,5000000.0,Kolkata Knight Riders
828,2015,Aditya Garhwal,All-Rounder,2500000.0,Kolkata Knight Riders
829,2015,Sheldon Jackson,Batsman,1500000.0,Kolkata Knight Riders
830,2015,Sumit Narwal,All-Rounder,1000000.0,Kolkata Knight Riders
831,2015,Vaibhav Rawal,All-Rounder,1000000.0,Kolkata Knight Riders
832,2015,Aaron Finch,Batsman,32000000.0,Mumbai Indians
833,2015,Pragyan Ojha,Bowler,5000000.0,Mumbai Indians
834,2015,Abhimanyu Mithun,Bowler,3000000.0,Mumbai Indians
835,2015,Mitchell McClenaghan,Bowler,3000000.0,Mumbai Indians
836,2015,Aiden Blizzard,Batsman,3000000.0,Mumbai Indians
837,2015,Hardik Pandya,All-Rounder,1000000.0,Mumbai Indians
838,2015,Akshay Wakhare,Bowler,1000000.0,Mumbai Indians
839,2015,Nitish Rana,All-Rounder,1000000.0,Mumbai Indians
840,2015,Siddhesh Dinesh Lad,All-Rounder,1000000.0,Mumbai Indians
841,2015,J. Suchitch,All-Rounder,1000000.0,Mumbai Indians
842,2015,Christopher Morris,All-Rounder,14000000.0,Rajasthan Royals
843,2015,Juan Theron,Bowler,3000000.0,Rajasthan Royals
844,2015,Barinder Singh Saran,Bowler,1000000.0,Rajasthan Royals
845,2015,Dinesh Salunkhe,All-Rounder,1000000.0,Rajasthan Royals
846,2015,Sagar Trivedi,All-Rounder,1000000.0,Rajasthan Royals
847,2015,Pardeep Sahu,All-Rounder,1000000.0,Rajasthan Royals
848,2015,Dinesh Karthik,Wicket Keeper,105000000.0, Royal Challengers Bangalore
849,2015,Darren Sammy,All-Rounder,28000000.0, Royal Challengers Bangalore
850,2015,David Wiese,All-Rounder,28000000.0, Royal Challengers Bangalore
851,2015,Sean Abbott,Bowler,10000000.0, Royal Challengers Bangalore
852,2015,Adam Milne,Bowler,7000000.0, Royal Challengers Bangalore
853,2015,Sarfaraz Naushad Khan,Batsman,5000000.0, Royal Challengers Bangalore
854,2015,Subramaniam Badrinath,Batsman,3000000.0, Royal Challengers Bangalore
855,2015,Jalaj Saxena,All-Rounder,1000000.0, Royal Challengers Bangalore
856,2015,Shishir Bhavane,Batsman,1000000.0, Royal Challengers Bangalore
857,2015,Trent Boult,Bowler,38000000.0, Sunrisers Hyderabad
858,2015,Praveen Kumar,Bowler,22000000.0, Sunrisers Hyderabad
859,2015,Kevin Pietersen,Batsman,20000000.0, Sunrisers Hyderabad
860,2015,Eoin Morgan,Batsman,15000000.0, Sunrisers Hyderabad
861,2015,Ravi Bopara,All-Rounder,10000000.0, Sunrisers Hyderabad
862,2015,Kane Williamson,All-Rounder,6000000.0, Sunrisers Hyderabad
863,2015,Laxmi Ratan Shukla,All-Rounder,3000000.0, Sunrisers Hyderabad
864,2015,Prasanth Padmanabhan,All-Rounder,1000000.0, Sunrisers Hyderabad
865,2015,Hanuma Vihari,Batsman,1000000.0, Sunrisers Hyderabad
866,2015,Siddarth Kaul,Bowler,1000000.0, Sunrisers Hyderabad
867,2014,Dinesh Karthik,Wicket Keeper,125000000.0,Delhi Daredevils
868,2014,Kevin Pietersen,Batsman,90000000.0,Delhi Daredevils
869,2014,Murali Vijay,Batsman,50000000.0,Delhi Daredevils
870,2014,Mohammad Shami,Bowler,42500000.0,Delhi Daredevils
871,2014,Nathan Coulter-Nile,Bowler,42500000.0,Delhi Daredevils
872,2014,Quinton De Kock,Wicket Keeper,35000000.0,Delhi Daredevils
873,2014,Manoj Tiwary,Batsman,28000000.0,Delhi Daredevils
874,2014,Jaydev Unadkat,Bowler,28000000.0,Delhi Daredevils
875,2014,Jean-Paul Duminy,Batsman,22000000.0,Delhi Daredevils
876,2014,Ross Taylor,Batsman,20000000.0,Delhi Daredevils
877,2014,Kedar Jadhav,Batsman,20000000.0,Delhi Daredevils
878,2014,Rahul Sharma,Bowler,19000000.0,Delhi Daredevils
879,2014,Mayank Agarwal,Batsman,16000000.0,Delhi Daredevils
880,2014,Laxmi Ratan Shukla,All-Rounder,15000000.0,Delhi Daredevils
881,2014,James Neesham,All-Rounder,10000000.0,Delhi Daredevils
882,2014,Wayne Parnell,Bowler,10000000.0,Delhi Daredevils
883,2014,Shahbaz Nadeem,Bowler,8500000.0,Delhi Daredevils
884,2014,Saurabh Tiwary,Batsman,7000000.0,Delhi Daredevils
885,2014,Siddarth Kaul,Bowler,4500000.0,Delhi Daredevils
886,2014,Rahul Shukla,Bowler,4000000.0,Delhi Daredevils
887,2014,Jayant Yadav,All-Rounder,1000000.0,Delhi Daredevils
888,2014,HS Sharath,Bowler,1000000.0,Delhi Daredevils
889,2014,Milind Kumar,Batsman,1000000.0,Delhi Daredevils
890,2014,Mitchell Johnson,All-Rounder,65000000.0,Kings XI Punjab
891,2014,Glenn Maxwell,All-Rounder,60000000.0,Kings XI Punjab
892,2014,George Bailey,Batsman,32500000.0,Kings XI Punjab
893,2014,Virender Sehwag,Batsman,32000000.0,Kings XI Punjab
894,2014,Rishi Dhawan,All-Rounder,30000000.0,Kings XI Punjab
895,2014,Wriddhiman Saha,Wicket Keeper,22000000.0,Kings XI Punjab
896,2014,Shaun Marsh,Batsman,22000000.0,Kings XI Punjab
897,2014,Cheteshwar Pujara,Batsman,19000000.0,Kings XI Punjab
898,2014,Beuran Hendricks,Bowler,18000000.0,Kings XI Punjab
899,2014,Lakshmipathy Balaji,Bowler,18000000.0,Kings XI Punjab
900,2014,Thisara Perera,All-Rounder,16000000.0,Kings XI Punjab
901,2014,Gurkirat Singh Mann,Batsman,13000000.0,Kings XI Punjab
902,2014,Murali Kartik,Bowler,10000000.0,Kings XI Punjab
903,2014,Sandeep Sharma,Bowler,8500000.0,Kings XI Punjab
904,2014,Mandeep Hardev Singh,All-Rounder,8000000.0,Kings XI Punjab
905,2014,Akshar Rajesh Patel,All-Rounder,7500000.0,Kings XI Punjab
906,2014,Parvinder Awana,Bowler,6500000.0,Kings XI Punjab
907,2014,Shardul Narendra Thakur,Bowler,2000000.0,Kings XI Punjab
908,2014,Anureet Singh,Bowler,2000000.0,Kings XI Punjab
909,2014,Shivam Sharma,Bowler,1000000.0,Kings XI Punjab
910,2014,Karanveer Singh,All-Rounder,1000000.0,Kings XI Punjab
911,2014,Jacques Kallis,All-Rounder,55000000.0,Kolkata Knight Riders
912,2014,Robin Uthappa,Batsman,50000000.0,Kolkata Knight Riders
913,2014,Piyush Chawla,Bowler,42500000.0,Kolkata Knight Riders
914,2014,Yusuf Pathan,All-Rounder,32500000.0,Kolkata Knight Riders
915,2014,Shakib Al Hasan,All-Rounder,28000000.0,Kolkata Knight Riders
916,2014,Morne Morkel,Bowler,28000000.0,Kolkata Knight Riders
917,2014,Ranganath Vinay Kumar,Bowler,28000000.0,Kolkata Knight Riders
918,2014,Umesh Yadav,Bowler,26000000.0,Kolkata Knight Riders
919,2014,Manish Pandey,Batsman,17000000.0,Kolkata Knight Riders
920,2014,Chris Lynn,Batsman,13000000.0,Kolkata Knight Riders
921,2014,Patrick Cummins,Bowler,10000000.0,Kolkata Knight Riders
922,2014,Ryan Ten Doeschate,All-Rounder,10000000.0,Kolkata Knight Riders
923,2014,Suryakumar Yadav,Batsman,7000000.0,Kolkata Knight Riders
924,2014,Andre Russell,All-Rounder,6000000.0,Kolkata Knight Riders
925,2014,Manvinder Bisla,Wicket Keeper,6000000.0,Kolkata Knight Riders
926,2014,Veer Pratap Singh,Bowler,4000000.0,Kolkata Knight Riders
927,2014,Kuldeep Singh Yadav,Bowler,4000000.0,Kolkata Knight Riders
928,2014,Debabrata Das,Wicket Keeper,2000000.0,Kolkata Knight Riders
929,2014,Sayan Sekhar Mandal,All-Rounder,1000000.0,Kolkata Knight Riders
930,2014,Michael Hussey,Batsman,50000000.0,Mumbai Indians
931,2014,Corey Anderson,All-Rounder,45000000.0,Mumbai Indians
932,2014,Pragyan Ojha,Bowler,32500000.0,Mumbai Indians
933,2014,Zaheer Khan,Bowler,26000000.0,Mumbai Indians
934,2014,Aditya Tare,Wicket Keeper,16000000.0,Mumbai Indians
935,2014,Jasprit Bumrah,Bowler,12000000.0,Mumbai Indians
936,2014,Jalaj Saxena,All-Rounder,9000000.0,Mumbai Indians
937,2014,Josh Hazlewood,Bowler,5000000.0,Mumbai Indians
938,2014,Marchant De Lange,Bowler,3000000.0,Mumbai Indians
939,2014,Krismar Santokie,Bowler,3000000.0,Mumbai Indians
940,2014,Ben Dunk,Wicket Keeper,2000000.0,Mumbai Indians
941,2014,C.M. Gautam,Wicket Keeper,2000000.0,Mumbai Indians
942,2014,Apoorv Vijay Wankhade,Batsman,1000000.0,Mumbai Indians
943,2014,Pawan Suyal,Bowler,1000000.0,Mumbai Indians
944,2014,Sushant Marathe,Wicket Keeper,1000000.0,Mumbai Indians
945,2014,Shreyas Gopal,Bowler,1000000.0,Mumbai Indians
946,2014,Steven Smith,All-Rounder,40000000.0,Rajasthan Royals
947,2014,Brad Hodge,Batsman,24000000.0,Rajasthan Royals
948,2014,Rajat Bhatia,All-Rounder,17000000.0,Rajasthan Royals
949,2014,Tim Southee,Bowler,12000000.0,Rajasthan Royals
950,2014,Dhawal Kulkarni,Bowler,11000000.0,Rajasthan Royals
951,2014,Abhishek Nayar,All-Rounder,10000000.0,Rajasthan Royals
952,2014,Kane Richardson,Bowler,10000000.0,Rajasthan Royals
953,2014,Ben Cutting,Bowler,8000000.0,Rajasthan Royals
954,2014,Karun Nair,Batsman,7500000.0,Rajasthan Royals
955,2014,Unmukt Chand,Batsman,6500000.0,Rajasthan Royals
956,2014,Iqbal Abdullah,All-Rounder,6500000.0,Rajasthan Royals
957,2014,Deepak Hooda,Bowler,4000000.0,Rajasthan Royals
958,2014,Dishant Yagnik,Wicket Keeper,3000000.0,Rajasthan Royals
959,2014,Kevon Cooper,All-Rounder,3000000.0,Rajasthan Royals
960,2014,Vikramjeet Malik,Bowler,2000000.0,Rajasthan Royals
961,2014,Ankit Nagendra Sharma,Bowler,1000000.0,Rajasthan Royals
962,2014,Rahul Tewatia,All-Rounder,1000000.0,Rajasthan Royals
963,2014,Ankush Bains,Wicket Keeper,1000000.0,Rajasthan Royals
964,2014,Amit Mishra,Bowler,1000000.0,Rajasthan Royals
965,2014,Pravin Tambe,Bowler,1000000.0,Rajasthan Royals
966,2014,Yuvraj Singh,All-Rounder,140000000.0, Royal Challengers Bangalore
967,2014,Mitchell Starc,Bowler,50000000.0, Royal Challengers Bangalore
968,2014,Albie Morkel,All-Rounder,24000000.0, Royal Challengers Bangalore
969,2014,Varun Aaron,Bowler,20000000.0, Royal Challengers Bangalore
970,2014,Ashok Dinda,Bowler,15000000.0, Royal Challengers Bangalore
971,2014,Parthiv Patel,Wicket Keeper,14000000.0, Royal Challengers Bangalore
972,2014,Muttiah Muralitharan,Bowler,10000000.0, Royal Challengers Bangalore
973,2014,Ravi Rampaul,Bowler,9000000.0, Royal Challengers Bangalore
974,2014,Nic Maddinson,Batsman,5000000.0, Royal Challengers Bangalore
975,2014,Harshal Patel,Bowler,4000000.0, Royal Challengers Bangalore
976,2014,Vijay Zol,Batsman,3000000.0, Royal Challengers Bangalore
977,2014,Abu Nechim Ahmed,Bowler,3000000.0, Royal Challengers Bangalore
978,2014,Sachin Rana,Bowler,2000000.0, Royal Challengers Bangalore
979,2014,Shadab Jakati,Bowler,2000000.0, Royal Challengers Bangalore
980,2014,Sandeep Warrier,Bowler,1000000.0, Royal Challengers Bangalore
981,2014,Tanmay Mishra,Batsman,1000000.0, Royal Challengers Bangalore
982,2014,Yogesh Takawale,Wicket Keeper,1000000.0, Royal Challengers Bangalore
983,2014,Yuzvendra Singh Chahal,Bowler,1000000.0, Royal Challengers Bangalore
984,2014,David Warner,Batsman,55000000.0, Sunrisers Hyderabad
985,2014,Amit Mishra,Bowler,47500000.0, Sunrisers Hyderabad
986,2014,Bhuvneshwar Kumar,Bowler,42500000.0, Sunrisers Hyderabad
987,2014,Aaron Finch,Batsman,40000000.0, Sunrisers Hyderabad
988,2014,Karn Sharma,Bowler,37500000.0, Sunrisers Hyderabad
989,2014,Darren Sammy,All-Rounder,35000000.0, Sunrisers Hyderabad
990,2014,Ishant Sharma,Bowler,26000000.0, Sunrisers Hyderabad
991,2014,Irfan Pathan,All-Rounder,24000000.0, Sunrisers Hyderabad
992,2014,Moises Henriques,All-Rounder,10000000.0, Sunrisers Hyderabad
993,2014,KL Rahul,Batsman,10000000.0, Sunrisers Hyderabad
994,2014,Parveez Rasool,All-Rounder,9500000.0, Sunrisers Hyderabad
995,2014,Jason Holder,Bowler,7500000.0, Sunrisers Hyderabad
996,2014,Venugopal Rao,Batsman,5500000.0, Sunrisers Hyderabad
997,2014,Naman Ojha,Wicket Keeper,5000000.0, Sunrisers Hyderabad
998,2014,Brendan Taylor,Wicket Keeper,3000000.0, Sunrisers Hyderabad
999,2014,Prasanth Parameswaran,Bowler,3000000.0, Sunrisers Hyderabad
1000,2014,Amit Paunikar,Wicket Keeper,2000000.0, Sunrisers Hyderabad
1001,2014,Ashish Reddy,Bowler,2000000.0, Sunrisers Hyderabad
1002,2014,Srikkanth Anirudha,Batsman,2000000.0, Sunrisers Hyderabad
1003,2014,Ricky Bhui,Batsman,1000000.0, Sunrisers Hyderabad
1004,2014,Chama Milind,Bowler,1000000.0, Sunrisers Hyderabad
1005,2014,Manprit Juneja,Batsman,1000000.0, Sunrisers Hyderabad
1006,2013,Johan Botha,All-Rounder,450000.0,Delhi Daredevils
1007,2013,Jesse Ryder,All-Rounder,260000.0,Delhi Daredevils
1008,2013,Jeevan Mendis,All-Rounder,50000.0,Delhi Daredevils
1009,2013,Manpreet Gony,Bowler,500000.0,Kings XI Punjab
1010,2013,Luke Pomersbach,Batsman,300000.0,Kings XI Punjab
1011,2013,Sachithra Senanayaka,All-Rounder,625000.0,Kolkata Knight Riders
1012,2013,Ryan McLaren,Bowler,50000.0,Kolkata Knight Riders
1013,2013,Glenn Maxwell,All-Rounder,1000000.0,Mumbai Indians
1014,2013,Nathan Coulter-Nile,Bowler,450000.0,Mumbai Indians
1015,2013,Ricky Ponting,Batsman,400000.0,Mumbai Indians
1016,2013,Philip Hughes,Batsman,100000.0,Mumbai Indians
1017,2013,Jacob Oram,All-Rounder,50000.0,Mumbai Indians
1018,2013,Ajantha Mendis,Bowler,725000.0,Pune Warriors India
1019,2013,Kane Richardson,Bowler,700000.0,Pune Warriors India
1020,2013,Abhishek Nayar,All-Rounder,675000.0,Pune Warriors India
1021,2013,Michael Clarke,Batsman,400000.0,Pune Warriors India
1022,2013,James Faulkner,All-Rounder,400000.0,Rajasthan Royals
1023,2013,Fidel Edwards,Bowler,210000.0,Rajasthan Royals
1024,2013,Kusal Janith Perera,Wicket Keeper,20000.0,Rajasthan Royals
1025,2013,Jaydev Unadkat,Bowler,525000.0, Royal Challengers Bangalore
1026,2013,Rudra Pratap Singh,Bowler,400000.0, Royal Challengers Bangalore
1027,2013,Moises Henriques,All-Rounder,300000.0, Royal Challengers Bangalore
1028,2013,Ravi Rampaul,Bowler,290000.0, Royal Challengers Bangalore
1029,2013,Pankaj Singh,Bowler,150000.0, Royal Challengers Bangalore
1030,2013,Daniel Christian,All-Rounder,100000.0, Royal Challengers Bangalore
1031,2013,Christopher Barnwell,All-Rounder,50000.0, Royal Challengers Bangalore
1032,2013,Thisara Perera,All-Rounder,675000.0, Sunrisers Hyderabad
1033,2013,Darren Sammy,All-Rounder,425000.0, Sunrisers Hyderabad
1034,2013,Sudeep Tyagi,Bowler,100000.0, Sunrisers Hyderabad
1035,2013,Clinton McKay,Bowler,100000.0, Sunrisers Hyderabad
1036,2013,Nathan McCullum,Bowler,100000.0, Sunrisers Hyderabad
1037,2013,Quinton De Kock,Wicket Keeper,20000.0, Sunrisers Hyderabad
